,Plasmid,95% CI Lower Bound,Estimate,95% CI Upper Bound,Estimate Log Likelihood
0,All,2.2342843577592524e-07,2.2665049322423164e-07,2.288290754533482e-07,857.0129898635096
