,Plasmid,95% CI Lower Bound,Estimate,95% CI Upper Bound,Estimate Log Likelihood
0,All,2.239934936262851e-07,2.266504292671182e-07,2.2894470608402692e-07,857.0129898333107
