,Plasmid,95% CI Lower Bound,Estimate,95% CI Upper Bound,Estimate Log Likelihood
0,Unsigned,1.635894972350865e-07,1.6805773941851224e-07,1.724975295104778e-07,52.63119146058034
1,Signed,2.120547877845651e-07,2.1829348112855695e-07,2.2318218523610935e-07,79.87994223432361
2,pV18,2.2039613104788381e-07,2.2546143665599348e-07,2.3233824086555822e-07,176.91331690793595
3,pV19,2.9642871839109234e-07,3.0595487729935163e-07,3.1429960484459603e-07,45.662615588624476
4,pV20,2.196431727366544e-07,2.27258796663792e-07,2.339368854152433e-07,73.98593126057426
